cgpa,iq,gender,placed
6.87,106,male,yes
9.75,98,male,no
8.66,122,male,yes
7.99,109,female,yes
5.78,102,male,no
5.78,117,female,no
5.29,137,male,no
9.33,118,female,yes
8.01,102,female,yes
8.54,135,male,yes
5.1,124,female,no
9.85,95,male,no
9.16,107,female,yes
6.06,94,male,no
5.91,136,male,no
5.92,114,female,no
6.52,91,male,no
7.62,99,male,no
7.16,119,female,yes
6.46,139,male,no
8.06,134,male,yes
5.7,94,female,no
6.46,122,female,no
6.83,90,male,no
7.28,107,male,yes
8.93,121,female,yes
6.0,136,female,no
7.57,138,male,yes
7.96,100,female,no
5.23,110,male,no
8.04,115,male,yes
5.85,114,male,no
5.33,111,male,no
9.74,116,male,yes
9.83,138,female,yes
9.04,102,female,yes
6.52,122,female,yes
5.49,123,female,no
8.42,130,male,yes
7.2,124,male,yes
5.61,90,male,no
7.48,110,male,yes
5.17,137,female,no
9.55,95,male,no
6.29,117,male,no
8.31,106,female,yes
6.56,94,female,no
7.6,120,female,yes
7.73,94,female,no
5.92,127,male,no
9.85,92,male,no
8.88,112,female,yes
9.7,126,male,yes
9.47,126,male,yes
7.99,99,male,no
9.61,99,female,no
5.44,108,male,no
5.98,106,female,no
5.23,110,male,no
6.63,103,male,yes
6.94,98,male,no
6.36,135,female,no
9.14,90,male,no
6.78,134,female,yes
6.4,102,female,no
7.71,93,female,no
5.7,90,male,no
9.01,138,male,yes
5.37,129,male,no
9.93,121,male,yes
8.86,123,female,yes
5.99,117,female,no
5.03,120,female,no
9.08,97,male,no
8.53,128,female,yes
8.65,115,male,yes
8.86,123,female,yes
5.37,92,male,no
6.79,139,male,yes
5.58,101,female,no
9.32,90,female,no
8.12,133,female,yes
6.65,94,female,no
5.32,119,male,no
6.55,119,female,yes
6.63,106,female,yes
8.65,137,female,yes
8.19,136,male,yes
9.44,112,male,yes
7.36,104,female,yes
5.6,126,male,no
8.57,110,female,yes
8.8,103,male,yes
7.81,91,male,no
8.85,100,male,no
7.47,128,male,yes
7.61,127,female,yes
7.14,123,female,yes
5.13,127,female,no
5.54,139,male,no
5.16,123,female,no
8.18,107,female,yes
6.57,119,female,yes
7.54,104,male,yes
9.54,116,male,yes
6.25,123,male,no
7.05,127,female,yes
8.78,122,female,yes
6.14,113,female,no
5.38,104,male,no
6.45,119,male,no
5.81,131,female,no
9.65,106,male,yes
9.04,94,male,no
8.17,118,male,yes
9.36,93,male,no
9.02,99,female,no
5.93,106,male,no
9.46,99,male,no
7.7,106,male,yes
9.04,109,male,yes
9.48,113,female,yes
6.59,94,female,no
5.55,123,male,no
6.14,95,male,no
7.14,91,male,no
9.09,102,male,yes
9.3,132,male,yes
5.03,132,male,no
7.55,137,female,yes
7.09,100,male,no
6.11,136,female,no
5.6,112,female,no
6.69,105,male,yes
9.71,120,female,yes
6.62,100,female,no
7.59,105,female,yes
8.52,97,female,no
6.82,93,female,no
9.86,129,female,yes
9.81,93,male,no
6.26,114,female,no
7.49,92,female,no
6.5,121,female,no
6.42,92,male,no
5.18,116,female,no
8.05,118,male,yes
7.51,121,female,yes
5.26,139,male,no
6.39,108,male,no
9.54,110,female,yes
6.2,94,female,no
5.72,107,male,no
7.45,117,female,yes
9.93,131,male,yes
6.21,111,male,no
8.36,110,male,yes
8.81,95,male,no
6.19,90,male,no
8.64,94,female,no
6.84,130,male,yes
8.16,101,male,yes
8.17,115,female,yes
7.68,135,male,yes
5.45,123,female,no
9.18,138,female,yes
6.6,103,female,yes
5.93,115,male,no
5.2,134,male,no
7.95,116,male,yes
8.39,98,female,no
5.08,115,male,no
7.56,136,female,yes
6.13,111,male,no
8.23,136,female,yes
5.87,119,male,no
8.45,132,male,yes
6.93,137,male,yes
9.68,106,female,yes
5.69,115,female,no
6.71,125,male,yes
5.57,90,male,no
9.62,97,female,no
9.39,138,female,yes
6.29,124,female,no
8.3,104,male,yes
9.09,136,female,yes
7.78,111,male,yes
7.65,103,female,yes
6.21,115,male,no
5.47,117,female,no
9.49,112,female,yes
9.5,103,female,yes
8.17,113,female,yes
6.7,91,female,no
6.75,134,male,yes
8.63,115,female,yes
9.49,103,female,yes
9.44,96,female,no
8.9,92,male,no
8.21,136,female,yes
5.42,112,male,no
5.81,135,female,no
9.49,132,female,yes
8.03,136,male,yes
5.05,134,female,no
5.51,107,male,no
8.32,127,male,yes
5.03,124,female,no
5.8,104,male,no
7.74,114,female,yes
8.46,126,female,yes
8.26,117,male,yes
6.12,99,male,no
8.56,128,male,yes
6.19,106,male,no
6.63,128,female,yes
8.73,111,female,yes
8.25,115,male,yes
9.25,133,female,yes
8.29,114,female,yes
7.84,106,female,yes
5.47,102,female,no
6.84,109,male,yes
6.33,114,male,no
6.22,93,female,no
9.87,99,male,no
6.97,92,male,no
9.46,130,male,yes
8.16,134,female,yes
8.97,107,female,yes
7.51,136,female,yes
7.88,125,male,yes
7.46,136,female,yes
5.98,111,female,no
8.61,123,male,yes
6.4,136,female,no
5.12,97,female,no
8.23,129,male,yes
5.89,138,male,no
9.7,133,male,yes
9.77,108,female,yes
9.57,131,female,yes
6.85,130,female,yes
5.08,126,male,no
9.64,95,male,no
7.14,115,female,yes
9.83,123,female,yes
9.82,134,male,yes
9.27,95,male,no
6.47,126,male,no
6.93,122,male,yes
9.26,111,female,yes
6.58,110,male,yes
5.85,95,female,no
7.78,95,female,no
9.68,137,female,yes
8.48,93,male,no
7.85,119,male,yes
5.49,100,male,no
8.08,119,male,yes
9.95,120,female,yes
5.7,113,male,no
7.59,98,male,no
9.39,92,female,no
8.7,120,male,yes
8.49,129,female,yes
8.51,126,female,yes
6.8,125,female,yes
6.47,113,female,no
9.05,120,female,yes
9.05,95,female,no
9.34,91,female,no
9.57,109,female,yes
7.56,117,male,yes
7.51,100,male,no
8.99,93,male,no
8.25,104,male,yes
8.51,95,female,no
8.98,138,male,yes
9.45,119,female,yes
6.69,127,male,yes
6.88,91,male,no
5.47,104,male,no
7.89,100,female,no
5.18,97,male,no
7.33,115,female,yes
7.71,134,female,yes
6.43,133,male,no
7.95,94,male,no
5.15,95,male,no
5.19,115,female,no
9.11,93,male,no
6.8,108,female,yes
5.64,109,female,no
7.61,122,male,yes
8.85,109,male,yes
6.08,138,female,no
8.11,101,female,yes
5.43,136,female,no
5.26,90,male,no
7.66,115,female,yes
7.7,103,male,yes
8.19,127,female,yes
8.63,126,female,yes
9.88,100,male,no
7.58,125,female,yes
6.61,102,male,yes
8.98,132,male,yes
6.35,92,female,no
7.19,122,male,yes
5.39,95,male,no
5.13,139,female,no
9.81,99,male,no
9.18,94,male,no
8.48,112,male,yes
7.04,99,female,no
5.87,133,male,no
5.78,91,female,no
6.25,102,female,no
7.75,129,male,yes
8.57,91,male,no
8.3,109,male,yes
6.4,90,female,no
9.77,126,male,yes
8.69,98,male,no
7.77,106,male,yes
8.06,98,male,no
7.1,100,male,no
6.24,104,female,no
6.78,113,female,yes
8.79,127,male,yes
5.07,124,male,no
5.58,119,male,no
5.23,120,male,no
5.2,138,female,no
9.28,94,male,no
8.52,133,female,yes
7.37,139,female,yes
5.49,103,male,no
7.46,100,female,no
7.37,98,female,no
5.87,123,female,no
7.17,101,female,yes
6.99,124,male,yes
8.08,124,male,yes
8.18,90,female,no
5.23,129,male,no
6.87,111,male,yes
8.13,118,male,yes
7.52,97,male,no
9.28,100,male,no
8.29,130,female,yes
5.81,126,male,no
5.35,103,male,no
8.21,119,male,yes
5.13,124,male,no
7.93,110,female,yes
9.7,126,female,yes
7.88,94,female,no
6.94,108,female,yes
8.22,103,male,yes
7.29,115,female,yes
7.73,93,male,no
9.71,114,male,yes
6.93,134,male,yes
9.81,131,male,yes
9.53,114,male,yes
5.98,107,female,no
5.35,129,female,no
5.5,97,female,no
5.09,128,female,no
5.47,129,male,no
8.42,103,female,yes
5.36,121,male,no
6.59,127,female,yes
9.22,122,male,yes
5.12,112,male,no
9.07,104,female,yes
6.41,122,male,no
5.59,114,male,no
8.48,106,female,yes
8.14,122,male,yes
9.39,136,female,yes
8.68,91,female,no
9.02,103,female,yes
6.41,129,male,no
5.89,129,male,no
8.75,128,male,yes
9.03,95,female,no
9.95,95,male,no
7.06,92,female,no
6.86,96,female,no
8.88,97,male,no
6.7,131,female,yes
9.65,104,male,yes
9.29,136,male,yes
7.14,118,male,yes
8.75,122,male,yes
8.77,119,male,yes
5.52,128,female,no
9.51,116,female,yes
7.53,125,female,yes
9.13,118,male,yes
6.6,127,male,yes
9.48,122,male,yes
6.95,126,female,yes
5.05,116,male,no
9.53,122,female,yes
5.46,93,female,no
6.6,111,male,yes
9.75,91,male,no
9.75,99,female,no
7.87,94,male,no
8.16,99,female,no
7.24,122,male,yes
6.47,127,male,no
6.64,102,female,yes
8.36,120,male,yes
8.76,136,female,yes
8.96,125,male,yes
8.95,134,female,yes
5.46,113,female,no
7.47,104,male,yes
5.29,118,female,no
7.75,97,male,no
7.21,94,male,no
9.44,118,male,yes
6.75,136,female,yes
5.59,93,female,no
5.71,101,male,no
8.81,134,male,yes
8.09,91,female,no
5.51,116,male,no
5.42,120,male,no
8.5,125,female,yes
5.36,125,male,no
9.11,115,female,yes
8.53,132,male,yes
5.41,116,female,no
5.42,94,male,no
9.93,109,male,yes
6.87,100,female,no
6.85,99,male,no
9.06,129,female,yes
9.74,127,male,yes
9.93,95,female,no
8.77,97,female,no
6.88,112,female,yes
5.42,136,female,no
8.89,115,male,yes
7.79,135,male,yes
7.12,132,female,yes
9.53,101,female,yes
5.56,115,female,no
7.46,102,male,yes
5.06,129,male,no
7.34,107,male,yes
5.28,114,male,no
5.59,122,female,no
5.59,136,female,no
8.25,129,female,yes
8.73,132,male,yes
7.92,101,male,yes
9.81,133,male,yes
6.87,125,female,yes
6.43,137,female,no
9.34,93,male,no
6.12,94,female,no
9.82,126,male,yes
5.06,97,male,no
9.85,131,female,yes
5.22,138,male,no
9.46,117,female,yes
7.64,120,male,yes
9.96,98,female,no
5.37,118,female,no
7.77,103,female,yes
9.85,129,male,yes
7.62,130,male,yes
8.15,111,female,yes
8.48,100,female,no
7.27,112,male,yes
8.14,90,male,no
7.92,135,male,yes
9.51,126,female,yes
5.23,110,male,no
6.4,115,male,no
9.75,135,female,yes
9.45,125,male,yes
7.28,112,male,yes
8.1,90,male,no
6.39,129,female,no
5.94,104,female,no
7.32,110,female,yes
6.77,136,female,yes
7.92,98,female,no
5.39,98,female,no
9.87,99,female,no
9.93,115,male,yes
